{"data":
  [
    {"id": 1, "title" : "Book 1", "author":"Author 1"},
    {"id": 2, "title" : "Book 2", "author":"Author 2"},
    {"id": 3, "title" : "Book 3", "author":"Author 3"},
    {"id": 4, "title" : "Book 4", "author":"Author 4"},
    {"id": 5, "title" : "Book 5", "author":"Author 5"},
    {"id": 6, "title" : "Book 6", "author":"Author 6"},
    {"id": 7, "title" : "Book 7", "author":"Author 7"},
    {"id": 8, "title" : "Book 8", "author":"Author 8"},
    {"id": 9, "title" : "Book 9", "author":"Author 9"}
  ],
  "data1":
  [
    {"id":1,"name":"Product A","description":"This is Product A","price":10.99},
    {"id":2,"name":"Product B","description":"This is Product B","price":11.99},
    {"id":3,"name":"Product C","description":"This is Product C","price":12.99},
    {"id":4,"name":"Product D","description":"This is Product D","price":13.99},
    {"id":5,"name":"Product E","description":"This is Product E","price":14.99},
    {"id":6,"name":"Product F","description":"This is Product F","price":15.99},
    {"id":7,"name":"Product G","description":"This is Product G","price":16.99}
  ]
}
